{
  "id": "PFLedger",
  "title": "Pathfinder Ledger",
  "description": "Test Update for Pathfinder Ledger",
  "version": "1.0.08",
  "library": "false",
  "compatibility": {
    "minimum": 12,
    "verified": 12,
    "maximum": 13
  },
  "authors": [
    {
      "name": "Jarod Frye",
      "url": "https://github.com/jarodfrye24/PFLedger",
      "discord": "discordID#0001"
    }
  ],
  "scripts": [
    "scripts/ledger.js"
  ],
  "styles": [
    "css/ledger.css"
  ],
  "url": "https://github.com/jarodfrye24/PFLedger",
  "manifest": "https://github.com/jarodfrye24/PFLedger/releases/download/Test/module.json",
  "download": "https://github.com/jarodfrye24/PFLedger/releases/download/Test/PFLedger.zip"
}