{
    "name": "PFLedger",
    "title": "Pathfinder Ledger",
    "description": "A simple module which records money in and out.",
    "version": "This is auto replaced",
    "library": "false",
    "manifestPlusVersion": "1.0.0",
    "minimumCoreVersion": "0.7.9",
    "compatibleCoreVersion": "9",
    "minimumSystemVersion": "0.77.23",
    "authors": [
      {
        "name": "Jarod Frye",
        "url": "https://github.com/jarodfrye24/PFLedger",
        "discord": "None"
      }
    ],
    "dependencies": [
  
    ],
    "conflicts": [
      
    ],
    "esmodules": [

    ],
    "scripts": [
      "scripts/ledger.js"
    ],
    "styles": [
      "css/ledger.css"
    ],
    "languages": [

    ],
    "packs": [],
    "system": [
        "pf1"
    ],
    "socket": false,
    "url": "https://github.com/jarodfrye24/PFLedger",
    "manifest": "https://github.com/jarodfrye24/PFLedger/releases/download/Test/module.json",
    "download": "https://github.com/jarodfrye24/PFLedger/releases/download/Test/PFLedger.zip",
    "protected": false,
    "coreTranslation": false,
    "media": [
    ]
  }
